,count,unique,top,freq,mean,std,min,25%,50%,75%,max
Patient ID,2.0,,,,101.5,0.7071067811865476,101.0,101.25,101.5,101.75,102.0
Name,2,2,Aarav Sharma,1,,,,,,,
Department,2,2,Cardiology,1,,,,,,,
Age,2.0,,,,37.0,11.313708498984761,29.0,33.0,37.0,41.0,45.0
Gender,2,2,Male,1,,,,,,,
Diagnosis,2,2,gdsxf,1,,,,,,,
Patient Type,2,2,InPatient,1,,,,,,,
Charges,2.0,,,,4850.0,5161.879502661797,1200.0,3025.0,4850.0,6675.0,8500.0
Payment,2,2,upi,1,,,,,,,
Status,2,2,Admitted,1,,,,,,,
BMI,2.0,,,,23.64,1.3859292911256338,22.66,23.15,23.64,24.130000000000003,24.62
